id,first_name,last_name,email,date,country
1,Stesha,Culwen,sculwen0@vkontakte.ru,10/24/1990,Egypt
2,Tann,MacGraith,tmacgraith1@com.com,9/6/1990,Dominican Republic
3,Nissie,Cancott,ncancott2@freewebs.com,8/24/2000,Brazil
4,Cirillo,Mager,cmager3@ftc.gov,6/2/1995,Finland
5,Jedd,Matej,jmatej4@digg.com,7/19/1992,Brazil
6,Pacorro,Poston,pposton5@baidu.com,7/16/2009,Poland
7,Madel,Hawkshaw,mhawkshaw6@vk.com,4/20/2010,China
8,Jillie,Tremellan,jtremellan7@newsvine.com,7/10/2012,Russia
9,Silvie,Slyme,sslyme8@examiner.com,5/14/2007,France
10,Kennith,Waszczyk,kwaszczyk9@lycos.com,12/17/2005,China
11,Borden,Trodd,btrodda@cnn.com,10/13/2012,Thailand
12,Phyllis,McArd,pmcardb@ocn.ne.jp,6/8/2003,Finland
13,Beilul,Taberer,btabererc@miibeian.gov.cn,3/13/2002,Russia
14,Mab,Lavender,mlavenderd@discovery.com,8/28/2001,South Korea
15,Frasquito,Harper,fharpere@disqus.com,9/17/2012,United States
16,Elora,Westerman,ewestermanf@timesonline.co.uk,1/15/1994,Poland
17,Delainey,Shorie,dshorieg@biglobe.ne.jp,5/9/2000,Brazil
18,Bradley,Adenet,badeneth@macromedia.com,12/31/1998,United States
19,Kaine,Cockshutt,kcockshutti@altervista.org,8/6/1993,United States
20,Afton,Veneur,aveneurj@cnbc.com,9/23/1991,Mexico
21,Buddie,Grzesiak,bgrzesiakk@xing.com,11/10/2016,Poland
22,Greer,Molloy,gmolloyl@i2i.jp,3/24/2018,Norway
23,Jule,Danslow,jdanslowm@tamu.edu,1/11/2001,Philippines
24,Theda,Whitters,twhittersn@cnet.com,12/9/2011,Russia
25,Elita,Ridel,eridelo@issuu.com,2/6/2008,China
26,Jennica,Tyres,jtyresp@freewebs.com,12/6/2001,Philippines
27,Lexie,Fido,lfidoq@istockphoto.com,4/25/2006,United States
28,Mervin,Conford,mconfordr@umich.edu,4/17/2014,Philippines
29,Byran,Ducrow,bducrows@dell.com,1/10/2013,China
30,Stesha,Duinkerk,sduinkerkt@flickr.com,6/27/1995,Portugal
31,Bourke,Bartot,bbartotu@narod.ru,7/4/2004,Japan
32,Ludovika,Tracy,ltracyv@mit.edu,1/20/2013,France
33,Xenia,Boycott,xboycottw@imgur.com,9/5/1992,Mexico
34,Harman,Hazeley,hhazeleyx@godaddy.com,5/5/2016,Yemen
35,Cordy,Throssell,cthrosselly@columbia.edu,9/28/2001,Philippines
36,Foster,Tremberth,ftremberthz@cnn.com,8/21/1995,China
37,Kara,Studd,kstudd10@ocn.ne.jp,8/20/2000,China
38,Elinor,Clampe,eclampe11@reddit.com,8/5/2011,China
39,Barry,Nairns,bnairns12@alexa.com,11/15/1999,Russia
40,Othella,Wigg,owigg13@de.vu,2/18/2004,Russia
41,Tripp,Milligan,tmilligan14@etsy.com,3/4/1998,Philippines
42,Alexia,MacKean,amackean15@dell.com,8/2/1997,Russia
43,Heywood,Clunie,hclunie16@etsy.com,10/3/2008,Argentina
44,Jeremy,Bleue,jbleue17@samsung.com,4/3/1997,Tanzania
45,Rolland,Josowitz,rjosowitz18@house.gov,9/27/2013,China
46,Yorgo,Martinello,ymartinello19@businesswire.com,12/25/1995,Comoros
47,Ardath,Estcot,aestcot1a@economist.com,5/1/1996,Croatia
48,Dorthy,Ewell,dewell1b@icq.com,2/15/2014,Indonesia
49,Lukas,Rekes,lrekes1c@wikimedia.org,3/14/1992,Colombia
50,Fredia,Livingstone,flivingstone1d@t-online.de,5/20/1996,Indonesia
51,Henrik,Boater,hboater1e@npr.org,11/20/1998,Philippines
52,Berny,Rollins,brollins1f@discovery.com,11/12/1994,Indonesia
53,Preston,Gerner,pgerner1g@stumbleupon.com,1/6/2000,Philippines
54,Lionello,Fick,lfick1h@weibo.com,8/16/2007,United States
55,Freddy,Ballay,fballay1i@hao123.com,1/25/1995,Indonesia
56,Jamie,Daulby,jdaulby1j@liveinternet.ru,1/28/2009,Japan
57,Trenton,Domenget,tdomenget1k@disqus.com,10/19/2010,China
58,Ase,McLay,amclay1l@ted.com,8/20/2000,Indonesia
59,Cammi,Barhems,cbarhems1m@newyorker.com,1/11/1995,China
60,Melanie,Kirdsch,mkirdsch1n@kickstarter.com,10/5/2011,China
61,Deb,Lowther,dlowther1o@gov.uk,4/2/2013,Indonesia
62,Boris,Linley,blinley1p@bbb.org,5/21/2012,Indonesia
63,Olwen,Worsalls,oworsalls1q@diigo.com,5/3/1996,France
64,Marice,Poynor,mpoynor1r@blog.com,1/6/2007,Indonesia
65,Mufi,Ancliffe,mancliffe1s@usgs.gov,5/26/1996,Greece
66,Keriann,Neath,kneath1t@meetup.com,4/8/1992,Russia
67,Elliott,Littefair,elittefair1u@wufoo.com,3/3/2008,Pakistan
68,Lilyan,Jerrolt,ljerrolt1v@spotify.com,2/21/2001,Portugal
69,Cornall,Naisby,cnaisby1w@cpanel.net,6/22/2007,Mauritius
70,Peggie,Vinnick,pvinnick1x@virginia.edu,11/25/1996,Kazakhstan
71,Hiram,Bosence,hbosence1y@eepurl.com,9/19/1999,China
72,Constantia,Blasli,cblasli1z@creativecommons.org,8/30/2009,China
73,Dolli,Kruschov,dkruschov20@mac.com,5/11/1992,Sweden
74,Lovell,Senechell,lsenechell21@utexas.edu,10/12/1991,China
75,Hermione,Dener,hdener22@ebay.com,2/7/2009,Poland
76,Cassie,Peye,cpeye23@cafepress.com,12/8/2007,Albania
77,Jeanine,Scrannage,jscrannage24@etsy.com,9/17/2011,Ukraine
78,Connie,Gatecliff,cgatecliff25@youtu.be,1/11/1997,China
79,Aleda,Van,avan26@google.it,8/23/2004,Sweden
80,Noll,Corkish,ncorkish27@ibm.com,3/10/1997,Palestinian Territory
81,Mahmoud,Makinson,mmakinson28@unesco.org,4/14/1992,Czech Republic
82,Raquel,Laverty,rlaverty29@booking.com,5/23/2014,Philippines
83,Benoit,Jacqueminot,bjacqueminot2a@artisteer.com,6/10/2000,Sweden
84,Marty,Deluze,mdeluze2b@sourceforge.net,2/6/2017,Canada
85,Sapphira,McGunley,smcgunley2c@nbcnews.com,9/10/2015,Sweden
86,Moshe,Bampkin,mbampkin2d@scientificamerican.com,1/19/2005,United States
87,Jolee,Dmitr,jdmitr2e@rambler.ru,7/18/1992,Democratic Republic of the Congo
88,Buddy,Dear,bdear2f@csmonitor.com,10/21/1995,Latvia
89,Penny,Livingstone,plivingstone2g@washingtonpost.com,9/6/1994,China
90,Sigismundo,Smurfit,ssmurfit2h@cam.ac.uk,12/2/2010,China
91,Tabbi,Urion,turion2i@i2i.jp,7/13/2005,Brazil
92,Alikee,Loosemore,aloosemore2j@columbia.edu,5/2/2008,Brazil
93,Vernor,Zambonini,vzambonini2k@nih.gov,10/9/2001,Ecuador
94,Shelba,Jirek,sjirek2l@oakley.com,9/10/2017,Philippines
95,Davey,Chamley,dchamley2m@princeton.edu,3/10/1998,Belarus
96,Vanessa,Shackle,vshackle2n@livejournal.com,2/18/1994,Russia
97,Stanley,Cosins,scosins2o@privacy.gov.au,7/30/2008,China
98,Isidro,Kupisz,ikupisz2p@smugmug.com,8/27/1994,Portugal
99,Mellie,Hillburn,mhillburn2q@dropbox.com,7/18/1994,Russia
100,Zeke,Longmaid,zlongmaid2r@hp.com,3/20/2018,Spain
101,Tyrone,Godar,tgodar2s@creativecommons.org,7/20/1992,China
102,Dolf,Fomichyov,dfomichyov2t@fotki.com,6/1/2018,Hungary
103,Robinette,Ginley,rginley2u@weather.com,4/16/1997,South Africa
104,Kristyn,Cettell,kcettell2v@disqus.com,3/17/2018,Indonesia
105,Alvis,Dincke,adincke2w@pbs.org,7/19/2010,Spain
106,Pip,Maestro,pmaestro2x@jugem.jp,7/18/2012,China
107,Cory,Farrah,cfarrah2y@skyrock.com,11/28/2005,China
108,Krissy,Scarrisbrick,kscarrisbrick2z@a8.net,2/8/1991,Costa Rica
109,Melinda,Curro,mcurro30@yandex.ru,9/20/2004,Poland
110,Brewster,Gerrens,bgerrens31@posterous.com,7/29/2017,Portugal
111,Chelsea,Dingle,cdingle32@bandcamp.com,5/29/1991,Russia
112,Ryon,Cheales,rcheales33@columbia.edu,2/13/1997,China
113,Emylee,Sutheran,esutheran34@wordpress.com,7/4/2006,France
114,Blair,Hynde,bhynde35@rakuten.co.jp,6/10/1993,Philippines
115,Arman,Frain,afrain36@google.cn,5/16/2003,Palestinian Territory
116,Arni,Grzelczak,agrzelczak37@ucoz.com,7/11/2007,Philippines
117,Octavius,Cranmer,ocranmer38@ihg.com,12/23/1999,Spain
118,Levi,Bryde,lbryde39@people.com.cn,12/2/2014,China
119,Vittoria,Tilio,vtilio3a@topsy.com,4/5/1991,China
120,Lauren,Huntriss,lhuntriss3b@dyndns.org,2/13/2013,Vietnam
121,Raine,Cridlon,rcridlon3c@reference.com,5/6/2004,Serbia
122,Shay,Biagini,sbiagini3d@google.nl,8/31/1993,Yemen
123,Zechariah,Porson,zporson3e@yolasite.com,3/15/2011,Indonesia
124,Fredra,Hargess,fhargess3f@shutterfly.com,4/28/1992,Syria
125,Udell,Alliband,ualliband3g@vinaora.com,1/26/2014,Argentina
126,Ly,Sayton,lsayton3h@sphinn.com,5/27/2010,Pakistan
127,Dieter,Deniske,ddeniske3i@delicious.com,10/4/2014,Indonesia
128,Kylie,Pomfret,kpomfret3j@fc2.com,4/24/2017,South Korea
129,Brucie,Edison,bedison3k@youku.com,1/23/2002,China
130,Kinna,Canto,kcanto3l@rediff.com,12/21/2013,Indonesia
131,Rafael,Langcastle,rlangcastle3m@myspace.com,11/17/2001,China
132,Raffarty,Gravett,rgravett3n@uiuc.edu,11/24/2014,China
133,Bonnibelle,Souness,bsouness3o@japanpost.jp,9/19/1991,Colombia
134,Salomon,Eastbury,seastbury3p@google.de,2/28/1999,Brazil
135,Dacy,Lippett,dlippett3q@odnoklassniki.ru,10/19/2004,Nigeria
136,Olimpia,Buchan,obuchan3r@cnet.com,2/28/1998,Portugal
137,Zara,Olle,zolle3s@netvibes.com,10/9/1995,Indonesia
138,Darsie,Lukianovich,dlukianovich3t@blogger.com,11/6/2013,Portugal
139,Prudi,Couthard,pcouthard3u@icio.us,9/28/1999,Bhutan
140,Joya,Ainger,jainger3v@ted.com,8/24/2016,Russia
141,Xever,Sture,xsture3w@ovh.net,9/13/2016,Canada
142,Townsend,Alders,talders3x@rakuten.co.jp,10/10/2017,China
143,Tabor,Brattan,tbrattan3y@bigcartel.com,3/15/1999,Poland
144,Dianna,Cosslett,dcosslett3z@1688.com,11/26/2014,Nigeria
145,Aliza,Yesenev,ayesenev40@wikispaces.com,10/2/2016,Vietnam
146,Rochette,Chasney,rchasney41@ihg.com,10/1/1990,Nigeria
147,Ortensia,Tallant,otallant42@hubpages.com,11/9/1991,Yemen
148,Guido,Crickett,gcrickett43@sogou.com,11/4/2013,China
149,Giff,Abbay,gabbay44@gov.uk,4/21/2005,Russia
150,Ulrike,Summerside,usummerside45@ox.ac.uk,1/10/2018,Poland
151,Ashil,Kenset,akenset46@loc.gov,7/21/2017,Greece
152,Rocky,Keggins,rkeggins47@jugem.jp,9/26/2014,China
153,Goldina,Vern,gvern48@live.com,9/17/2015,Liechtenstein
154,Alan,Ragge,aragge49@people.com.cn,8/28/2013,China
155,Johna,Ewen,jewen4a@homestead.com,7/3/2002,Russia
156,Cybill,Videler,cvideler4b@hatena.ne.jp,1/18/2015,Bangladesh
157,Shelden,Rich,srich4c@studiopress.com,3/5/2003,China
158,Armin,Winscum,awinscum4d@sakura.ne.jp,12/18/2005,China
159,Beauregard,Landrieu,blandrieu4e@bluehost.com,6/9/2018,Philippines
160,Shamus,Crighton,scrighton4f@google.cn,12/29/2008,China
161,Paquito,Molian,pmolian4g@amazon.com,8/4/2012,Germany
162,Elston,Stratley,estratley4h@china.com.cn,10/15/2000,Indonesia
163,Wilona,Rubinow,wrubinow4i@cdc.gov,4/6/2002,Poland
164,Tillie,Reynold,treynold4j@springer.com,8/19/1998,Guatemala
165,Kristofor,Campkin,kcampkin4k@blinklist.com,3/23/2013,Brazil
166,Beauregard,Klagges,bklagges4l@dell.com,5/19/2003,Belarus
167,Kala,Jesteco,kjesteco4m@yellowbook.com,11/20/2002,South Africa
168,Freddi,Orneles,forneles4n@yale.edu,5/11/2007,Bolivia
169,Cati,Bernardoux,cbernardoux4o@latimes.com,1/23/2001,Indonesia
170,Annette,Follett,afollett4p@imdb.com,5/31/1991,China
171,Talya,MacGibbon,tmacgibbon4q@java.com,6/3/2015,France
172,Haywood,Koppes,hkoppes4r@t.co,6/7/2005,Bahamas
173,Joell,Le Brom,jlebrom4s@census.gov,11/16/1995,China
174,Leandra,Haskur,lhaskur4t@meetup.com,10/11/2016,Indonesia
175,Ruthanne,Tosney,rtosney4u@webnode.com,7/26/2009,China
176,Rebbecca,Lovering,rlovering4v@over-blog.com,6/25/2017,China
177,Trix,Ciccarelli,tciccarelli4w@51.la,12/4/1990,China
178,Lulu,Grunwald,lgrunwald4x@jimdo.com,3/4/2003,Indonesia
179,Lock,Ambroise,lambroise4y@washingtonpost.com,9/8/2006,Greece
180,Rudolph,Harrow,rharrow4z@theatlantic.com,8/18/2016,Chile
181,Tresa,Balling,tballing50@storify.com,7/7/1991,Iran
182,Fredericka,Beverage,fbeverage51@upenn.edu,6/1/1991,Indonesia
183,Jenelle,Pettigrew,jpettigrew52@amazon.co.jp,8/10/1990,Greece
184,Annelise,Richen,arichen53@printfriendly.com,5/15/2015,Thailand
185,Linn,Petroff,lpetroff54@nymag.com,11/7/2014,United States
186,Erda,Boribal,eboribal55@geocities.com,11/21/2005,China
187,Stevie,Salvatore,ssalvatore56@bloglines.com,7/12/1993,Brazil
188,Letty,Somner,lsomner57@spiegel.de,3/20/2014,Czech Republic
189,Maurizia,Canaan,mcanaan58@berkeley.edu,11/29/2007,Czech Republic
190,Juieta,Cottrill,jcottrill59@opera.com,11/10/2002,Nigeria
191,Karlyn,Locarno,klocarno5a@ycombinator.com,5/5/2004,China
192,Hermy,Ivic,hivic5b@state.gov,12/20/2013,Portugal
193,Earvin,Syncke,esyncke5c@nps.gov,3/23/2003,Tajikistan
194,Morganica,Whistan,mwhistan5d@163.com,5/26/1994,China
195,Amye,Blyth,ablyth5e@tamu.edu,4/20/2002,Indonesia
196,Mahmud,Meenan,mmeenan5f@godaddy.com,6/4/2003,Indonesia
197,Haslett,Yuille,hyuille5g@sohu.com,12/17/2012,Bosnia and Herzegovina
198,Geno,Quye,gquye5h@yelp.com,6/3/2016,Sweden
199,Amandi,Davisson,adavisson5i@hc360.com,5/25/2014,Curacao
200,Karena,Roscamp,kroscamp5j@wsj.com,5/4/2007,Russia
201,Odelle,Walczak,owalczak5k@abc.net.au,1/9/1997,Sweden
202,Jamesy,Goundry,jgoundry5l@ycombinator.com,4/13/2009,Mali
203,Linell,Huntar,lhuntar5m@furl.net,8/11/1998,Cambodia
204,Syman,Jorger,sjorger5n@etsy.com,11/21/1991,Philippines
205,Wallis,Gambie,wgambie5o@sciencedirect.com,12/17/2001,Russia
206,Willie,Fellnee,wfellnee5p@mayoclinic.com,9/30/2007,Russia
207,Jaquenetta,Prior,jprior5q@dailymail.co.uk,10/5/2012,Brazil
208,Carolina,Vyse,cvyse5r@blogs.com,9/1/2004,Indonesia
209,Ted,Normadell,tnormadell5s@mail.ru,10/23/2007,Indonesia
210,Jerome,Maddicks,jmaddicks5t@answers.com,4/3/2015,Indonesia
211,Isidor,Ogborn,iogborn5u@domainmarket.com,12/27/2006,Croatia
212,Nap,MacKey,nmackey5v@imdb.com,9/12/2010,China
213,Alyssa,Lyston,alyston5w@stanford.edu,1/14/2004,United States
214,Lane,Skellington,lskellington5x@mozilla.org,6/1/2015,Colombia
215,Brandie,O'Ferris,boferris5y@ning.com,3/30/2006,Indonesia
216,Sallie,Gockeler,sgockeler5z@tmall.com,11/24/2001,Paraguay
217,Aleksandr,Durn,adurn60@chronoengine.com,6/6/2016,China
218,Rafi,Sudran,rsudran61@examiner.com,3/10/2001,Sweden
219,Cameron,Samett,csamett62@wikimedia.org,2/3/2003,China
220,Maible,Blakiston,mblakiston63@free.fr,1/6/1994,Indonesia
221,Madalyn,Rieflin,mrieflin64@hp.com,10/25/2001,China
222,Britney,Schwieso,bschwieso65@reuters.com,5/31/1997,Portugal
223,Garrett,Hames,ghames66@mysql.com,2/2/2002,China
224,Marven,Sarl,msarl67@mayoclinic.com,4/9/2008,China
225,Cristal,Chalkly,cchalkly68@deviantart.com,3/7/2015,Canada
226,Desmond,Adamowitz,dadamowitz69@deviantart.com,5/4/2012,China
227,Fabiano,Portlock,fportlock6a@fda.gov,1/19/1997,Pakistan
228,Theressa,Baudrey,tbaudrey6b@loc.gov,3/14/1993,China
229,Ardeen,Birkett,abirkett6c@xing.com,8/1/2011,Philippines
230,Cynthea,Macklin,cmacklin6d@ameblo.jp,3/8/2010,Greece
231,June,Heineking,jheineking6e@pbs.org,6/14/1999,Indonesia
232,Amalea,Brocket,abrocket6f@washingtonpost.com,4/18/2004,Honduras
233,Gwen,Slorance,gslorance6g@ibm.com,10/7/2011,Ukraine
234,Freda,Vanns,fvanns6h@boston.com,9/10/1997,Cambodia
235,Row,Moar,rmoar6i@cdc.gov,11/21/2001,Russia
236,Fernanda,Arro,farro6j@yellowbook.com,6/16/2006,China
237,Trey,Velden,tvelden6k@princeton.edu,11/7/2009,Canada
238,Carmelia,Goldney,cgoldney6l@ucoz.ru,8/1/1990,Belarus
239,Yoshi,Soldan,ysoldan6m@smh.com.au,12/10/2007,Albania
240,Pamella,Wintle,pwintle6n@bing.com,7/29/2016,Swaziland
241,Roselin,Klimashevich,rklimashevich6o@cmu.edu,5/8/2017,Czech Republic
242,Winifield,Ryley,wryley6p@answers.com,8/27/2008,Indonesia
243,Cory,Eyers,ceyers6q@tiny.cc,7/16/2012,Ukraine
244,Gretta,Chellam,gchellam6r@phpbb.com,2/8/2011,France
245,Anthony,Jilkes,ajilkes6s@homestead.com,8/21/2009,China
246,Ingrid,Crombie,icrombie6t@ameblo.jp,2/21/1996,Finland
247,Maurita,Gare,mgare6u@wunderground.com,4/10/2008,El Salvador
248,Maribeth,Yerbury,myerbury6v@netvibes.com,7/3/2017,China
249,Adolpho,Cumes,acumes6w@upenn.edu,6/27/2012,Finland
250,Stanleigh,Valentine,svalentine6x@abc.net.au,12/8/2016,Andorra
251,Merry,Stag,mstag6y@shop-pro.jp,4/2/2001,China
252,Terrance,Secrett,tsecrett6z@cbslocal.com,5/8/2018,Zambia
253,Allegra,Haill,ahaill70@washingtonpost.com,2/18/2002,Japan
254,Clerissa,Strongitharm,cstrongitharm71@stumbleupon.com,4/5/2000,Brazil
255,Alyosha,Mallison,amallison72@reddit.com,5/19/2001,Morocco
256,Nydia,De Santos,ndesantos73@123-reg.co.uk,4/4/2001,Philippines
257,Joscelin,Argyle,jargyle74@adobe.com,1/29/2001,Indonesia
258,Tedman,Caws,tcaws75@scribd.com,8/19/2013,Sweden
259,Hanan,Cockrell,hcockrell76@cargocollective.com,5/3/2007,China
260,Melvin,Joscelyn,mjoscelyn77@blogtalkradio.com,2/20/1992,China
261,Daron,Stening,dstening78@nature.com,3/30/2016,Tanzania
262,Em,Domone,edomone79@timesonline.co.uk,9/28/2014,Mongolia
263,Rafi,Broadis,rbroadis7a@un.org,8/28/1995,Sweden
264,Katuscha,Retchford,kretchford7b@arizona.edu,12/23/2015,China
265,Hube,O'Sheilds,hosheilds7c@scribd.com,4/23/1999,Peru
266,Lorrie,Gresley,lgresley7d@mysql.com,9/11/2017,Brazil
267,Ewan,O'Dowling,eodowling7e@seattletimes.com,7/28/2002,Brazil
268,Rosabelle,Jacqueminot,rjacqueminot7f@last.fm,4/2/2017,Portugal
269,Haroun,Androck,handrock7g@trellian.com,10/25/2006,China
270,Marchall,Seer,mseer7h@columbia.edu,12/13/1999,Indonesia
271,Dalston,Durman,ddurman7i@epa.gov,3/10/1996,Ukraine
272,Lewes,Burde,lburde7j@usa.gov,2/26/2002,Indonesia
273,Conan,Rowantree,crowantree7k@printfriendly.com,10/24/1990,Czech Republic
274,Vasili,Pietzke,vpietzke7l@state.tx.us,4/29/1993,China
275,Rance,Feasley,rfeasley7m@oakley.com,1/27/2000,Finland
276,Borden,Dunston,bdunston7n@virginia.edu,7/17/2001,Japan
277,Ameline,Kohtler,akohtler7o@engadget.com,8/13/1999,Indonesia
278,Jocelyne,Shelp,jshelp7p@bandcamp.com,5/31/2001,Argentina
279,Mimi,Mc Giffin,mmcgiffin7q@smh.com.au,4/28/1993,Kenya
280,Vivien,Renol,vrenol7r@gmpg.org,8/19/2005,Russia
281,Thorn,Craighill,tcraighill7s@wikispaces.com,12/27/1995,Portugal
282,Velma,Leman,vleman7t@gov.uk,11/9/2017,Brazil
283,Magdalena,Beasley,mbeasley7u@ning.com,3/13/2010,Tajikistan
284,Troy,Kemwal,tkemwal7v@ocn.ne.jp,3/3/2005,China
285,Cate,Spring,cspring7w@java.com,5/11/2012,Poland
286,Jemie,Ubach,jubach7x@yandex.ru,11/29/2008,China
287,Andrus,Mosconi,amosconi7y@1und1.de,1/4/2004,Indonesia
288,Annalee,DelaField,adelafield7z@latimes.com,2/12/2018,Poland
289,Smitty,Vegas,svegas80@ocn.ne.jp,7/7/1996,China
290,Zia,de Tocqueville,zdetocqueville81@google.it,2/23/2017,Sierra Leone
291,Kathi,Dumsday,kdumsday82@dell.com,3/3/2003,China
292,Alvin,Edmund,aedmund83@uiuc.edu,4/24/2003,Armenia
293,Austine,Brech,abrech84@i2i.jp,7/10/1990,Cuba
294,Harriett,Winwood,hwinwood85@utexas.edu,4/16/1994,Philippines
295,Den,Livingston,dlivingston86@clickbank.net,7/16/2009,France
296,Nollie,Niaves,nniaves87@ameblo.jp,3/5/2004,China
297,Britney,Goves,bgoves88@amazonaws.com,8/17/2017,Kenya
298,Baudoin,Bevan,bbevan89@mysql.com,5/16/2004,Brazil
299,Mathilda,Ismail,mismail8a@i2i.jp,10/18/1994,Botswana
300,Evie,Thackham,ethackham8b@addthis.com,2/17/2009,Latvia
301,Elliot,Hairesnape,ehairesnape8c@google.pl,11/3/2017,Indonesia
302,Egon,Whewill,ewhewill8d@ted.com,12/29/2001,Indonesia
303,Aldo,Drife,adrife8e@fotki.com,8/19/2002,Japan
304,Sebastian,Iredale,siredale8f@ucoz.com,4/21/1996,Anguilla
305,Tracey,Reyburn,treyburn8g@miibeian.gov.cn,6/19/2001,Sweden
306,Hendrika,McGettrick,hmcgettrick8h@abc.net.au,5/30/2012,Bolivia
307,Donny,Millis,dmillis8i@google.ru,9/22/2004,Russia
308,Lazarus,Endicott,lendicott8j@wikispaces.com,8/13/1998,Russia
309,Fanchette,Iredell,firedell8k@freewebs.com,3/24/2001,Portugal
310,Ryun,Yuill,ryuill8l@google.cn,10/31/2013,China
311,Sargent,Measures,smeasures8m@diigo.com,7/18/1996,Canada
312,Kiersten,Standering,kstandering8n@redcross.org,2/11/1993,Japan
313,Harmonia,Dunsmore,hdunsmore8o@edublogs.org,9/21/2003,Russia
314,Gaven,Lenney,glenney8p@nsw.gov.au,11/28/1995,Paraguay
315,Valentin,Tremonte,vtremonte8q@oracle.com,12/13/2011,Czech Republic
316,Timothee,Crutchley,tcrutchley8r@comsenz.com,6/22/1998,Zimbabwe
317,Gena,Gamwell,ggamwell8s@oracle.com,5/7/2008,Mexico
318,Hercule,Tummasutti,htummasutti8t@elegantthemes.com,4/17/1996,China
319,Paten,Arlett,parlett8u@adobe.com,9/12/2008,Brazil
320,Herold,Tadgell,htadgell8v@tiny.cc,3/9/1998,Greece
321,Shaine,Cherm,scherm8w@cbsnews.com,1/10/2011,Canada
322,Harmonia,Vannah,hvannah8x@google.com,11/1/2015,Ukraine
323,Stanislaw,Vosper,svosper8y@craigslist.org,11/26/2017,Latvia
324,Amelita,Checklin,achecklin8z@sourceforge.net,1/12/2015,China
325,Denys,Sunter,dsunter90@tuttocitta.it,6/10/2015,Colombia
326,Kettie,Vinson,kvinson91@alexa.com,2/11/2015,Pakistan
327,Frans,Bromwich,fbromwich92@imdb.com,5/26/1997,Argentina
328,Ashlan,Rizzi,arizzi93@bbb.org,3/5/2005,Estonia
329,Kimbell,Brabyn,kbrabyn94@ucoz.com,7/20/2001,France
330,Lynnet,Bromet,lbromet95@nbcnews.com,9/11/2004,Croatia
331,Herculie,Nuzzi,hnuzzi96@tiny.cc,1/3/2000,Indonesia
332,Saxon,McGlone,smcglone97@guardian.co.uk,4/14/1997,China
333,Meredithe,Witt,mwitt98@blogtalkradio.com,9/23/2004,Portugal
334,Mireille,Gomar,mgomar99@comcast.net,5/22/2006,Moldova
335,Granthem,Plewes,gplewes9a@newsvine.com,7/17/2004,China
336,Thea,Ephson,tephson9b@instagram.com,11/15/2012,China
337,Dyana,Wrettum,dwrettum9c@telegraph.co.uk,12/14/2017,Thailand
338,Valdemar,Sellan,vsellan9d@wikipedia.org,3/23/1995,Russia
339,Van,Tullis,vtullis9e@list-manage.com,11/9/1992,South Sudan
340,Land,Bront,lbront9f@ox.ac.uk,2/21/2015,Portugal
341,Gregor,Drugan,gdrugan9g@chron.com,3/10/2009,Indonesia
342,Tally,Staries,tstaries9h@icio.us,12/12/2008,Indonesia
343,Flore,Little,flittle9i@alexa.com,2/18/1999,Guyana
344,Conrad,Paladino,cpaladino9j@state.tx.us,8/17/2009,China
345,Em,Lambricht,elambricht9k@ask.com,11/10/1997,Indonesia
346,Briny,Breward,bbreward9l@yelp.com,1/5/2016,Uruguay
347,Sophia,Callow,scallow9m@addthis.com,10/17/2008,South Korea
348,Allyn,Parfitt,aparfitt9n@marketwatch.com,11/10/1998,Venezuela
349,Hedvig,Gudyer,hgudyer9o@google.com.hk,3/14/1996,Egypt
350,Dode,Wingate,dwingate9p@icio.us,2/1/2000,China
351,Corena,Loverock,cloverock9q@weebly.com,11/29/2002,Ukraine
352,Consalve,Leaburn,cleaburn9r@domainmarket.com,12/13/2013,Bahamas
353,Clay,Seeking,cseeking9s@arizona.edu,12/7/2012,Russia
354,Hollie,Surgenor,hsurgenor9t@globo.com,6/29/1997,Netherlands
355,Elia,Dunsmore,edunsmore9u@whitehouse.gov,3/7/2000,Argentina
356,Teresa,Tunney,ttunney9v@php.net,11/1/1994,China
357,Yankee,Flude,yflude9w@bbc.co.uk,11/17/1994,China
358,Waneta,Rooson,wrooson9x@fastcompany.com,5/26/2001,Poland
359,Lemuel,Collymore,lcollymore9y@craigslist.org,6/30/1991,Portugal
360,Deedee,Wagner,dwagner9z@slate.com,11/19/2006,Philippines
361,Kristin,De Matteis,kdematteisa0@amazon.co.jp,9/15/2009,Croatia
362,Willdon,Fend,wfenda1@sbwire.com,12/31/2000,China
363,Lizabeth,Petrushanko,lpetrushankoa2@ted.com,4/30/2005,Uganda
364,Abbe,McNamara,amcnamaraa3@ucla.edu,7/5/2003,Italy
365,Rebeka,Diemer,rdiemera4@github.com,2/17/2001,Thailand
366,Gerardo,Callar,gcallara5@mapquest.com,4/9/2010,China
367,Kaile,Pye,kpyea6@nba.com,10/19/2009,Mexico
368,Petronilla,Gough,pgougha7@answers.com,9/3/2015,Thailand
369,Kendell,Stansby,kstansbya8@goodreads.com,1/16/2004,Tajikistan
370,Tomi,Trodd,ttrodda9@ameblo.jp,7/19/2015,Indonesia
371,Basile,Horick,bhorickaa@go.com,8/26/2017,Poland
372,Ceciley,Spieght,cspieghtab@prlog.org,11/12/1994,Niger
373,Alexandros,McCarrell,amccarrellac@jimdo.com,3/19/1997,South Africa
374,Lorena,Salla,lsallaad@jiathis.com,9/25/2003,Indonesia
375,Creigh,Chadd,cchaddae@mashable.com,10/6/1990,Dominican Republic
376,Britta,Edgeler,bedgeleraf@mapquest.com,3/12/2002,Morocco
377,Thayne,Baldinotti,tbaldinottiag@go.com,4/10/2010,Sweden
378,Dorothea,Dobney,ddobneyah@pinterest.com,1/29/2006,Poland
379,Erminie,Rowantree,erowantreeai@yahoo.co.jp,3/31/2013,Mexico
380,Penrod,Prew,pprewaj@pcworld.com,6/27/2017,Japan
381,Vallie,Cush,vcushak@clickbank.net,9/1/1994,China
382,Orella,Bracknall,obracknallal@slashdot.org,5/22/2004,Russia
383,Ernie,Kunrad,ekunradam@samsung.com,11/8/2006,Spain
384,Gertrud,Extence,gextencean@ucoz.com,7/17/2004,Indonesia
385,Mariam,Pedel,mpedelao@webeden.co.uk,10/5/2016,Honduras
386,Giuditta,Ianilli,gianilliap@paginegialle.it,8/18/2001,Poland
387,Jemie,Hertwell,jhertwellaq@techcrunch.com,10/4/2016,Peru
388,Wakefield,Hubner,whubnerar@wikimedia.org,4/22/2013,Bangladesh
389,Rosella,Bugdell,rbugdellas@360.cn,9/4/1992,East Timor
390,Micheal,Fendt,mfendtat@noaa.gov,2/5/1996,Indonesia
391,Rabi,Wilbraham,rwilbrahamau@xinhuanet.com,5/4/2000,Russia
392,Flori,Clapshaw,fclapshawav@chron.com,6/27/2004,Portugal
393,Grayce,Birdwistle,gbirdwistleaw@youku.com,7/12/2007,Russia
394,Petronia,Eicke,peickeax@npr.org,4/1/2009,Pakistan
395,Jenn,Szymanek,jszymanekay@accuweather.com,1/10/2014,Thailand
396,Kristi,Glauber,kglauberaz@4shared.com,3/18/2012,Indonesia
397,Imogene,Tesdale,itesdaleb0@earthlink.net,6/10/2018,Brazil
398,Katine,Eouzan,keouzanb1@uol.com.br,7/24/1994,Canada
399,Sosanna,McAnalley,smcanalleyb2@google.ru,7/22/2004,Poland
400,Carmine,Halshaw,chalshawb3@sohu.com,7/12/2014,China
401,Shalna,Cottie,scottieb4@com.com,3/9/1991,Nigeria
402,Valli,Tranmer,vtranmerb5@shutterfly.com,4/28/1996,Indonesia
403,Norean,Wilkie,nwilkieb6@globo.com,1/8/1994,Indonesia
404,Dulsea,Butteris,dbutterisb7@ibm.com,2/4/2000,Venezuela
405,Milissent,Sycamore,msycamoreb8@about.com,8/5/1995,Indonesia
406,Gilligan,Masham,gmashamb9@mapy.cz,10/29/2010,Japan
407,Tomkin,Colcomb,tcolcombba@hhs.gov,8/12/2011,Portugal
408,Stephani,Allchorn,sallchornbb@tinyurl.com,8/14/1993,Nigeria
409,Paxon,Patley,ppatleybc@chron.com,10/25/1991,Indonesia
410,Kristian,Richings,krichingsbd@nhs.uk,2/15/2013,China
411,Maximilian,Mowatt,mmowattbe@samsung.com,9/16/1999,Portugal
412,Jayson,Kellie,jkelliebf@studiopress.com,11/17/2013,Mexico
413,Kelsey,MacGaughie,kmacgaughiebg@woothemes.com,3/24/2009,Philippines
414,James,Daintry,jdaintrybh@cargocollective.com,11/2/1993,United States
415,Allie,Davidwitz,adavidwitzbi@jugem.jp,2/26/2008,Colombia
416,Grazia,Handasyde,ghandasydebj@hp.com,12/23/1992,South Africa
417,Dale,Giurio,dgiuriobk@indiatimes.com,3/11/2005,Myanmar
418,Clyve,Reddish,creddishbl@irs.gov,9/12/2007,Peru
419,Son,Bainbrigge,sbainbriggebm@icq.com,7/20/2004,China
420,Beckie,Weatherby,bweatherbybn@ihg.com,5/28/1998,Canada
421,Deedee,Verissimo,dverissimobo@sohu.com,9/12/2012,France
422,Brigit,Stanex,bstanexbp@ftc.gov,11/5/1998,Colombia
423,Quill,Zorzoni,qzorzonibq@alibaba.com,7/26/2001,China
424,Lazar,Holyard,lholyardbr@mit.edu,6/16/1999,Mexico
425,Cherye,Revening,creveningbs@oracle.com,1/18/1995,Indonesia
426,Gweneth,De Meis,gdemeisbt@un.org,4/28/1998,Afghanistan
427,Pauletta,Trim,ptrimbu@cocolog-nifty.com,1/2/2013,Japan
428,Sharla,Portch,sportchbv@acquirethisname.com,2/3/2012,Moldova
429,Caitlin,Arran,carranbw@go.com,5/12/1996,Turkmenistan
430,Hagen,Asbrey,hasbreybx@cpanel.net,11/6/1990,France
431,Tomasina,Reichhardt,treichhardtby@xinhuanet.com,4/22/2008,Philippines
432,Earl,Batchelar,ebatchelarbz@nature.com,11/1/2006,China
433,Prentiss,Bresnen,pbresnenc0@umn.edu,4/10/2001,Macedonia
434,Kaitlyn,Eldin,keldinc1@dedecms.com,4/20/2000,France
435,Yankee,Eilhertsen,yeilhertsenc2@mtv.com,8/7/1991,Malaysia
436,Lawry,Haxley,lhaxleyc3@goo.ne.jp,12/27/2003,China
437,Clifford,Cotton,ccottonc4@icio.us,7/4/1999,Russia
438,Sissie,Inworth,sinworthc5@symantec.com,8/20/2016,Honduras
439,Hill,Byard,hbyardc6@hc360.com,10/28/2016,Peru
440,Clarissa,Bard,cbardc7@friendfeed.com,2/25/2002,China
441,Keelia,Drezzer,kdrezzerc8@sciencedaily.com,9/17/2015,Egypt
442,Catarina,Gagin,cgaginc9@123-reg.co.uk,9/13/2008,Palestinian Territory
443,Coralie,Sands,csandsca@abc.net.au,3/25/2015,United States
444,Aldus,Gierke,agierkecb@yahoo.com,10/5/1996,Bulgaria
445,Fidole,Catcherside,fcatchersidecc@163.com,6/2/2012,Russia
446,Nicolette,Roxby,nroxbycd@hhs.gov,8/19/2004,Brazil
447,Tomasine,Tew,ttewce@illinois.edu,9/25/2003,Belgium
448,Jennie,Rymer,jrymercf@typepad.com,4/16/2007,Poland
449,Tawsha,Lambot,tlambotcg@reuters.com,9/9/2012,China
450,Anjela,Dalbey,adalbeych@eventbrite.com,11/20/1997,Sweden
451,Abrahan,Reynoldson,areynoldsonci@jiathis.com,4/24/2000,Canada
452,Tristan,Swanborrow,tswanborrowcj@gov.uk,4/15/1995,Thailand
453,Isabel,Fattori,ifattorick@4shared.com,10/9/1991,Philippines
454,Web,Caveney,wcaveneycl@foxnews.com,3/10/1995,Sweden
455,Bevan,Donan,bdonancm@disqus.com,2/28/2008,China
456,Nari,Elsbury,nelsburycn@sciencedirect.com,1/3/2015,China
457,Marie,Payn,mpaynco@sourceforge.net,8/21/2010,Poland
458,Lonny,Nobes,lnobescp@ifeng.com,6/16/2010,Russia
459,Saraann,Murrock,smurrockcq@fotki.com,11/21/2011,China
460,Gwendolen,Catchpole,gcatchpolecr@studiopress.com,1/5/1994,Tanzania
461,Albert,Treece,atreececs@house.gov,7/23/2001,Indonesia
462,Allard,Godlonton,agodlontonct@baidu.com,5/31/2007,Venezuela
463,Erika,Drysdale,edrysdalecu@nhs.uk,12/27/1992,Indonesia
464,Wallie,McKintosh,wmckintoshcv@amazon.com,1/28/1992,China
465,Heall,Gormally,hgormallycw@devhub.com,6/24/2014,Thailand
466,Ash,Ram,aramcx@friendfeed.com,2/11/2009,China
467,Martita,Pinnion,mpinnioncy@wired.com,4/9/1999,Russia
468,Elton,Asche,easchecz@engadget.com,12/3/1995,Russia
469,Elysha,Spinella,espinellad0@nba.com,2/4/1995,Sweden
470,Vite,Caldeyroux,vcaldeyrouxd1@shareasale.com,4/20/2007,China
471,Mill,Britto,mbrittod2@mapy.cz,12/16/2000,China
472,Celina,Moxted,cmoxtedd3@facebook.com,10/20/1993,Serbia
473,Ileana,Dawtre,idawtred4@wordpress.com,3/26/2002,Palestinian Territory
474,Shepard,de'-Ancy Willis,sdeancywillisd5@indiatimes.com,8/20/2014,Thailand
475,Waverly,Kabos,wkabosd6@mozilla.com,8/4/1996,China
476,Walker,Ivanaev,wivanaevd7@xrea.com,5/6/2007,Portugal
477,Leia,Kelberer,lkelbererd8@engadget.com,1/19/1998,France
478,Winston,Loxley,wloxleyd9@tamu.edu,4/24/2002,Philippines
479,Cassaundra,Tucknott,ctucknottda@wikia.com,6/19/1998,Greece
480,Sancho,Coleborn,scoleborndb@dell.com,7/20/1990,Mexico
481,Stoddard,Ramstead,sramsteaddc@pcworld.com,12/12/2007,China
482,Norris,Salzberg,nsalzbergdd@delicious.com,4/17/1999,Indonesia
483,Urbano,Falloon,ufalloonde@ucoz.com,6/17/2018,Belarus
484,Waneta,Drayn,wdrayndf@newsvine.com,9/7/1997,Czech Republic
485,Husain,Irnis,hirnisdg@ocn.ne.jp,4/19/2000,Malaysia
486,Anissa,Finnes,afinnesdh@sakura.ne.jp,11/25/2004,Guatemala
487,Adela,Sievewright,asievewrightdi@independent.co.uk,4/11/2013,Serbia
488,Zondra,Samms,zsammsdj@yandex.ru,7/20/2015,Czech Republic
489,Iris,Tribble,itribbledk@geocities.jp,2/27/2015,France
490,Gussy,Hendron,ghendrondl@walmart.com,10/1/1995,Portugal
491,Stewart,Trouncer,strouncerdm@latimes.com,10/30/2012,Portugal
492,Emelina,McGibbon,emcgibbondn@imgur.com,7/9/2003,North Korea
493,Ezechiel,Nickoll,enickolldo@pagesperso-orange.fr,3/8/2017,China
494,Eben,Maunders,emaundersdp@infoseek.co.jp,3/1/2014,China
495,Carl,Greensides,cgreensidesdq@apple.com,8/30/1998,Indonesia
496,Candace,Aymeric,caymericdr@cbslocal.com,5/1/1992,Poland
497,Wini,Kidwell,wkidwellds@ted.com,8/26/1997,Indonesia
498,Anastassia,Adanet,aadanetdt@earthlink.net,4/26/1999,Portugal
499,Pauly,Whitley,pwhitleydu@com.com,1/6/1993,China
500,Petey,Thoresbie,pthoresbiedv@merriam-webster.com,6/27/2011,Indonesia
501,Ardenia,Peart,apeartdw@nba.com,9/8/2006,Slovenia
502,Delphine,Youell,dyouelldx@tuttocitta.it,6/10/1999,Sweden
503,Ethelbert,Mayberry,emayberrydy@blog.com,9/15/1999,China
504,Myra,Akeherst,makeherstdz@google.fr,2/26/1992,China
505,Brendan,Shawyer,bshawyere0@sitemeter.com,6/30/2010,Cameroon
506,Bonnibelle,Tainton,btaintone1@state.tx.us,1/23/2010,Pakistan
507,Maurine,Gliddon,mgliddone2@devhub.com,1/8/2015,Brazil
508,Tabby,France,tfrancee3@omniture.com,3/25/1995,Peru
509,Benedict,Redhills,bredhillse4@blinklist.com,6/27/1994,Czech Republic
510,Fitz,Le Claire,fleclairee5@wikia.com,11/12/1997,Russia
511,Faustine,Rosone,frosonee6@oracle.com,3/16/2003,China
512,Tracee,Hanna,thannae7@etsy.com,8/29/2015,Venezuela
513,Frederico,Gairdner,fgairdnere8@dot.gov,6/15/2013,Cyprus
514,Killie,Trobe,ktrobee9@sfgate.com,8/6/1998,China
515,Yvor,Heineke,yheinekeea@shop-pro.jp,4/23/2009,Tajikistan
516,Artie,Parton,apartoneb@wunderground.com,5/19/2010,Portugal
517,Raven,O'Dougherty,rodoughertyec@csmonitor.com,7/21/2004,Denmark
518,Bevon,Somerset,bsomerseted@technorati.com,11/17/2011,China
519,Ethel,Tytterton,etyttertonee@accuweather.com,3/30/2005,Serbia
520,Paco,Shreve,pshreveef@ibm.com,6/26/1999,Ukraine
521,Donnajean,Caldero,dcalderoeg@behance.net,3/14/2018,Nigeria
522,Manny,Lonsdale,mlonsdaleeh@clickbank.net,10/16/1999,Portugal
523,Wally,Cridland,wcridlandei@alexa.com,10/19/1991,Brazil
524,Rayshell,Bartoszewicz,rbartoszewiczej@furl.net,7/17/2006,Denmark
525,Jeremie,Littledike,jlittledikeek@nbcnews.com,3/10/2017,Mexico
526,Happy,Edden,heddenel@i2i.jp,7/15/2008,Bosnia and Herzegovina
527,Baryram,Gudde,bguddeem@reference.com,9/18/2007,Portugal
528,Cordula,Romero,cromeroen@tuttocitta.it,12/30/1992,United States
529,Ailbert,Thexton,athextoneo@nyu.edu,10/20/2002,Japan
530,Redford,Kilshaw,rkilshawep@gnu.org,12/10/2001,Morocco
531,Jorey,Chatt,jchatteq@vinaora.com,10/1/2000,Brazil
532,Karlen,Landre,klandreer@nbcnews.com,10/21/1999,Poland
533,Gilligan,Mell,gmelles@last.fm,1/14/2016,Brazil
534,Candis,Pigeram,cpigeramet@hubpages.com,10/31/2012,Finland
535,Basilio,Depport,bdepporteu@infoseek.co.jp,5/28/2001,Colombia
536,Clayton,Chung,cchungev@thetimes.co.uk,11/3/2000,China
537,Damiano,Rounce,drounceew@t.co,7/21/2008,Uruguay
538,Tandie,Stiffell,tstiffellex@webmd.com,12/27/2011,Indonesia
539,Nevin,Orpin,norpiney@geocities.jp,3/2/2003,Cuba
540,Jemimah,Leeke,jleekeez@rambler.ru,9/14/2006,Argentina
541,Valera,Heaphy,vheaphyf0@amazon.de,9/8/2007,Brazil
542,Velvet,Blague,vblaguef1@globo.com,11/22/2007,Colombia
543,Ashley,Sharvell,asharvellf2@g.co,9/30/2008,China
544,Mareah,Arnefield,marnefieldf3@youku.com,7/19/2016,Ukraine
545,Conroy,Fulker,cfulkerf4@wiley.com,8/9/1993,China
546,Ivonne,Winsom,iwinsomf5@domainmarket.com,3/29/2000,Indonesia
547,Callie,Corradino,ccorradinof6@w3.org,4/13/2008,Brazil
548,Tessy,Brosius,tbrosiusf7@google.de,12/31/2004,China
549,Hyacinthia,Farley,hfarleyf8@uiuc.edu,9/7/1996,Poland
550,Clywd,Smoote,csmootef9@odnoklassniki.ru,12/14/2008,Haiti
551,Ciel,Rasher,crasherfa@angelfire.com,6/2/2017,China
552,Carson,Paschek,cpaschekfb@stanford.edu,5/14/1997,Brazil
553,Paulita,Cubberley,pcubberleyfc@nbcnews.com,11/17/2003,Brazil
554,Collete,Gervaise,cgervaisefd@ning.com,2/8/2017,Indonesia
555,Magdalena,Duberry,mduberryfe@prweb.com,1/19/2008,Philippines
556,Atlante,Drayson,adraysonff@alexa.com,5/7/1991,Brazil
557,Jeramie,Robbie,jrobbiefg@moonfruit.com,10/10/2004,Poland
558,Skipper,Cicerone,sciceronefh@newyorker.com,12/30/2014,Germany
559,Reggy,Emlyn,remlynfi@miibeian.gov.cn,2/17/1993,Italy
560,Claus,Newtown,cnewtownfj@godaddy.com,3/29/2008,China
561,Aleece,Craister,acraisterfk@seattletimes.com,11/4/2012,France
562,Nomi,Floris,nflorisfl@weebly.com,3/9/2010,Philippines
563,Floria,Dangerfield,fdangerfieldfm@people.com.cn,12/8/2003,Cyprus
564,Reynold,Westwater,rwestwaterfn@unesco.org,5/23/1997,United States
565,Aileen,Wallman,awallmanfo@wufoo.com,8/18/1995,Indonesia
566,Tersina,Plante,tplantefp@4shared.com,4/7/1995,Dominican Republic
567,Adolphe,Greggersen,agreggersenfq@eepurl.com,10/4/2008,Russia
568,Idalina,Tathacott,itathacottfr@drupal.org,6/1/1998,Philippines
569,Emmit,Kubelka,ekubelkafs@icio.us,5/6/1991,Bosnia and Herzegovina
570,Cory,Aumerle,caumerleft@hubpages.com,7/17/2010,Czech Republic
571,Vonnie,Furminger,vfurmingerfu@indiatimes.com,7/30/2006,Indonesia
572,Veriee,Larcombe,vlarcombefv@si.edu,3/27/1997,Equatorial Guinea
573,Beniamino,Christoffersen,bchristoffersenfw@skyrock.com,6/11/1996,Indonesia
574,Laurene,Falconer,lfalconerfx@pbs.org,5/3/2013,China
575,Stanislaw,Camoletto,scamolettofy@bloglovin.com,1/6/2013,Peru
576,Malachi,Meadows,mmeadowsfz@addtoany.com,9/12/2014,China
577,Shaylynn,Ritchman,sritchmang0@tmall.com,9/28/1996,Brazil
578,Peyton,Nuzzi,pnuzzig1@seattletimes.com,2/5/2006,Colombia
579,Pattie,Dur,pdurg2@slideshare.net,3/6/1994,Portugal
580,Glenden,Keson,gkesong3@liveinternet.ru,10/20/1990,Sweden
581,Audie,Tremblet,atrembletg4@prnewswire.com,4/20/1994,Kenya
582,Leilah,Elvidge,lelvidgeg5@techcrunch.com,9/17/1990,Indonesia
583,Lynea,Luxford,lluxfordg6@wikipedia.org,12/1/1997,Indonesia
584,Rosemaria,Quilter,rquilterg7@elegantthemes.com,8/8/2014,Poland
585,Lari,McGorley,lmcgorleyg8@abc.net.au,2/13/2001,Russia
586,Charis,Tubby,ctubbyg9@state.gov,12/12/2005,Philippines
587,Constantin,Grundon,cgrundonga@jiathis.com,7/29/1993,Ireland
588,Agnella,Bassano,abassanogb@wordpress.org,5/8/1993,Sweden
589,Robinett,Schafer,rschafergc@a8.net,12/10/1993,China
590,Sarah,Bannerman,sbannermangd@mlb.com,10/21/2014,Portugal
591,Pebrook,Presland,ppreslandge@phpbb.com,9/11/2010,China
592,Sammie,Connerry,sconnerrygf@is.gd,7/7/2010,Czech Republic
593,Paddy,Healeas,phealeasgg@dropbox.com,9/26/2014,Indonesia
594,Joellyn,Kettoe,jkettoegh@army.mil,3/16/1996,Mexico
595,Sigismund,Hindrich,shindrichgi@about.com,4/25/1996,Panama
596,Kessia,Tabourier,ktabouriergj@blogs.com,5/10/1998,China
597,Waite,Levy,wlevygk@cloudflare.com,6/2/2004,China
598,Vanya,Divill,vdivillgl@dot.gov,11/16/2010,China
599,Beverlie,Ciccottini,bciccottinigm@people.com.cn,5/6/2018,Czech Republic
600,Edwin,Mintoff,emintoffgn@deviantart.com,9/21/2009,Philippines
601,Bartolemo,De Robertis,bderobertisgo@instagram.com,7/24/2005,Philippines
602,Bruno,Bratten,bbrattengp@wikia.com,11/1/2001,Poland
603,Rebekah,Gaucher,rgauchergq@vimeo.com,5/7/2006,China
604,Duffy,Sprouls,dsproulsgr@unicef.org,7/5/2017,Sweden
605,Ealasaid,Hassard,ehassardgs@wsj.com,9/8/2008,China
606,Betty,Toleman,btolemangt@java.com,8/21/1994,Brazil
607,Bessy,Swinburne,bswinburnegu@reddit.com,1/1/2000,Brazil
608,Dunstan,McKim,dmckimgv@uol.com.br,1/4/1992,El Salvador
609,Serena,Korb,skorbgw@wunderground.com,10/9/2003,Angola
610,Gayla,Abethell,gabethellgx@ning.com,12/2/1990,Poland
611,Rosaleen,Caswell,rcaswellgy@adobe.com,10/28/2003,Colombia
612,Ardelis,Galler,agallergz@about.me,11/8/1993,United Kingdom
613,Garrett,Anstiss,ganstissh0@tinyurl.com,5/4/2004,Ukraine
614,Francene,Ferber,fferberh1@canalblog.com,7/22/1998,Canada
615,Tadeo,Sprionghall,tsprionghallh2@t-online.de,4/20/1997,China
616,Tracy,Seddon,tseddonh3@devhub.com,7/13/1999,Peru
617,Dody,Danilovitch,ddanilovitchh4@weather.com,1/28/2006,Philippines
618,Prissie,Turville,pturvilleh5@cisco.com,2/3/2009,Ecuador
619,Scarlett,Heersma,sheersmah6@domainmarket.com,7/26/1995,Bangladesh
620,Carlynne,Steffens,csteffensh7@cyberchimps.com,7/24/1993,Sweden
621,Ranique,Althorpe,ralthorpeh8@dion.ne.jp,4/5/2001,Cuba
622,Margeaux,Maynell,mmaynellh9@bluehost.com,3/24/2007,Venezuela
623,Zechariah,Vasilkov,zvasilkovha@creativecommons.org,5/26/2003,Finland
624,Eulalie,Extall,eextallhb@psu.edu,6/11/2000,Syria
625,Nial,Wharf,nwharfhc@soundcloud.com,3/5/1999,Bolivia
626,Gwendolyn,Wiffler,gwifflerhd@example.com,12/13/2003,Luxembourg
627,Rosita,Mosby,rmosbyhe@cpanel.net,5/16/2008,China
628,Hale,Scrogges,hscroggeshf@goo.ne.jp,1/10/2007,China
629,Lorelei,Andrichak,landrichakhg@hao123.com,5/13/1999,Brazil
630,Jethro,Batte,jbattehh@washingtonpost.com,2/2/2018,Myanmar
631,Cassandre,Hevner,chevnerhi@gizmodo.com,9/1/1993,Ireland
632,Pooh,Labroue,plabrouehj@sbwire.com,3/5/2003,Mexico
633,Gearalt,Abbis,gabbishk@hubpages.com,8/26/2017,Panama
634,Dodie,Breeder,dbreederhl@feedburner.com,11/19/2006,Czech Republic
635,Chuck,Doughill,cdoughillhm@cmu.edu,2/27/2014,Japan
636,Cull,Faucett,cfaucetthn@wsj.com,11/17/2007,Vietnam
637,Nikkie,Prendergast,nprendergastho@loc.gov,7/17/2002,Brazil
638,Brig,McClune,bmcclunehp@vimeo.com,11/6/2013,China
639,Feliks,Pilpovic,fpilpovichq@1688.com,5/31/1994,Poland
640,Gayel,McNeish,gmcneishhr@naver.com,8/12/1990,France
641,Roanna,Rivers,rrivershs@sciencedirect.com,3/24/2013,Tunisia
642,Clevie,Redman,credmanht@spiegel.de,12/9/2013,France
643,Gregory,Axcell,gaxcellhu@nba.com,10/30/1993,China
644,Ondrea,Beckett,obecketthv@wp.com,3/27/2007,New Zealand
645,Fidelia,Duncan,fduncanhw@umn.edu,1/30/2012,Indonesia
646,Rayna,Vaggs,rvaggshx@reuters.com,8/1/2010,Guatemala
647,Chelsea,Kingcott,ckingcotthy@php.net,8/19/1990,Sweden
648,Dasya,Keys,dkeyshz@phoca.cz,9/3/2010,Croatia
649,Saleem,Castagneri,scastagnerii0@unblog.fr,4/26/2018,Brazil
650,Bordie,Steggals,bsteggalsi1@yolasite.com,7/14/1992,Philippines
651,Maurise,Ramel,mrameli2@infoseek.co.jp,10/17/2001,Mongolia
652,Kippy,Gurnett,kgurnetti3@soundcloud.com,1/13/1991,Syria
653,Jorge,Chree,jchreei4@taobao.com,11/24/1998,Indonesia
654,Paco,Springate,pspringatei5@cpanel.net,4/12/1997,Portugal
655,Angus,Dagleas,adagleasi6@barnesandnoble.com,1/21/2004,Indonesia
656,Frannie,Titchener,ftitcheneri7@mediafire.com,7/31/2002,Nigeria
657,Haven,Strete,hstretei8@photobucket.com,10/23/2002,Philippines
658,Liva,Oselton,loseltoni9@delicious.com,12/25/2000,Indonesia
659,Kristel,Fetherstone,kfetherstoneia@mediafire.com,11/9/2011,Brazil
660,Aguistin,Van Salzberger,avansalzbergerib@geocities.com,3/28/1991,Eritrea
661,Robena,Alexis,ralexisic@icio.us,11/14/2013,China
662,Ettore,Purvess,epurvessid@google.com.br,5/12/2006,Botswana
663,Ingunna,Augie,iaugieie@ow.ly,7/16/2014,United States
664,Leroi,Melwall,lmelwallif@deliciousdays.com,6/3/1996,Indonesia
665,Saunders,Grigore,sgrigoreig@cdc.gov,8/28/2011,Canada
666,Kermie,Boyland,kboylandih@ucoz.ru,9/14/2000,Philippines
667,Faun,Tubritt,ftubrittii@mapquest.com,10/9/1990,Nigeria
668,Donny,Dengate,ddengateij@cbslocal.com,7/15/1999,Brazil
669,Pauly,Micklewicz,pmicklewiczik@patch.com,2/5/2015,Sweden
670,Greer,Felder,gfelderil@mapy.cz,9/1/2012,Russia
671,Emanuel,Audley,eaudleyim@cocolog-nifty.com,1/4/2009,United States
672,Roshelle,Zoppie,rzoppiein@answers.com,5/21/2000,Sweden
673,Eunice,Divall,edivallio@wired.com,3/22/2013,Thailand
674,Luther,McBrier,lmcbrierip@uiuc.edu,11/1/1998,Mexico
675,Cherry,Cronkshaw,ccronkshawiq@sourceforge.net,9/2/2002,United States
676,Ariela,Wanstall,awanstallir@altervista.org,3/5/1991,Thailand
677,Merrily,Weymont,mweymontis@nasa.gov,10/10/2016,China
678,Margi,Augustin,maugustinit@joomla.org,12/27/2007,Luxembourg
679,Natale,Di Bartolomeo,ndibartolomeoiu@state.gov,8/26/2004,China
680,Foss,Stannett,fstannettiv@soundcloud.com,6/24/2009,Philippines
681,Lauren,Polley,lpolleyiw@meetup.com,10/7/2011,Uzbekistan
682,Padraig,Burkman,pburkmanix@gizmodo.com,10/30/1999,Philippines
683,Morie,O'Halleghane,mohalleghaneiy@cisco.com,4/8/2007,Mexico
684,Karissa,Ambrosio,kambrosioiz@mashable.com,11/6/1990,Russia
685,Delaney,Sigert,dsigertj0@spiegel.de,8/1/1998,Nigeria
686,Raffaello,Kewish,rkewishj1@ustream.tv,6/9/1993,Poland
687,Roscoe,Cassels,rcasselsj2@multiply.com,7/27/2004,Uruguay
688,Brianne,Taft,btaftj3@livejournal.com,6/19/1992,Portugal
689,Vannie,De Biaggi,vdebiaggij4@walmart.com,9/13/1993,Brazil
690,Raff,Shafto,rshaftoj5@paypal.com,4/5/1992,Chile
691,Brina,Aughton,baughtonj6@illinois.edu,1/8/2012,Jordan
692,Bruno,Mowett,bmowettj7@reference.com,12/18/2016,Philippines
693,Sean,Bilbery,sbilberyj8@shop-pro.jp,4/26/1997,Philippines
694,Antonetta,Bogey,abogeyj9@rakuten.co.jp,12/13/2008,Guatemala
695,Euphemia,Bousquet,ebousquetja@marriott.com,6/14/1998,North Korea
696,Mordy,Stuchbery,mstuchberyjb@alibaba.com,5/26/2002,Philippines
697,Tammie,Geraldo,tgeraldojc@msu.edu,6/30/1996,Sweden
698,Tulley,Daouse,tdaousejd@ebay.co.uk,1/2/2015,China
699,Harriet,Ascough,hascoughje@shareasale.com,2/1/2008,Nigeria
700,Marc,Macari,mmacarijf@yelp.com,9/1/1992,Syria
701,Lynett,Cuell,lcuelljg@amazonaws.com,8/9/2004,Czech Republic
702,Maje,Laverack,mlaverackjh@hud.gov,2/28/2016,Nicaragua
703,Caroline,Canete,ccaneteji@youtu.be,6/2/2004,Russia
704,Tabbitha,Stotherfield,tstotherfieldjj@angelfire.com,6/15/1992,China
705,Rodolphe,Folley,rfolleyjk@cnbc.com,6/21/2005,Russia
706,Rowen,Kaemena,rkaemenajl@51.la,5/22/1995,China
707,Emilia,Toone,etoonejm@time.com,7/27/2009,Armenia
708,Othilia,Fibbens,ofibbensjn@businesswire.com,1/4/2001,France
709,Audra,Delafoy,adelafoyjo@meetup.com,12/29/2005,South Korea
710,Arnoldo,Bruyntjes,abruyntjesjp@rambler.ru,9/21/2017,China
711,Emmery,Putt,eputtjq@mapquest.com,4/19/2008,Mexico
712,Glynn,Lauchlan,glauchlanjr@last.fm,12/28/2001,China
713,Giustino,Garron,ggarronjs@themeforest.net,11/21/2007,China
714,Reggie,Drain,rdrainjt@oakley.com,8/7/2002,Mongolia
715,Koenraad,Corss,kcorssju@over-blog.com,2/27/2017,China
716,Nisse,Arnold,narnoldjv@salon.com,6/17/2014,Colombia
717,Cheston,Cammish,ccammishjw@washington.edu,3/1/2008,China
718,Nanni,Robroe,nrobroejx@tinyurl.com,6/19/1997,Canada
719,Levin,Tonna,ltonnajy@time.com,12/21/1999,Thailand
720,Rachele,Rhodef,rrhodefjz@amazon.co.uk,9/5/1997,China
721,Gwendolyn,Matyugin,gmatyugink0@lulu.com,1/5/2002,China
722,Daphna,Smallman,dsmallmank1@wix.com,1/27/2007,Russia
723,Pavia,Dowle,pdowlek2@biblegateway.com,4/14/2002,China
724,Richmond,Sheeran,rsheerank3@alexa.com,8/10/1991,Colombia
725,Kara,Strowan,kstrowank4@shutterfly.com,6/8/1998,Czech Republic
726,Augusta,Moxson,amoxsonk5@cbslocal.com,12/10/1999,China
727,Cecil,Jakubovsky,cjakubovskyk6@bizjournals.com,7/8/2017,China
728,Abner,Trundle,atrundlek7@nba.com,4/26/2018,China
729,Meggie,Grayling,mgraylingk8@purevolume.com,6/14/1995,Philippines
730,Flossy,Rilings,frilingsk9@illinois.edu,12/8/1996,Bulgaria
731,Camilla,Winspire,cwinspireka@imdb.com,6/16/2007,Paraguay
732,Paola,Medforth,pmedforthkb@jimdo.com,10/4/1999,Ireland
733,Donna,Crush,dcrushkc@privacy.gov.au,10/6/1994,Spain
734,Serena,Sandwich,ssandwichkd@amazon.com,3/22/2015,Poland
735,Oliy,Peacop,opeacopke@is.gd,2/18/2013,Russia
736,Emlynne,Asbury,easburykf@redcross.org,4/29/1999,Canada
737,Cori,Claybourn,cclaybournkg@hibu.com,7/5/2007,North Korea
738,Karena,Rivers,kriverskh@netlog.com,1/10/1991,Czech Republic
739,Winifred,Hartness,whartnesski@newyorker.com,3/2/1999,Germany
740,Audra,Sattin,asattinkj@jigsy.com,9/9/1993,China
741,Theodoric,Tyreman,ttyremankk@1und1.de,7/19/1991,Russia
742,Barret,Chasmor,bchasmorkl@exblog.jp,12/28/1994,Thailand
743,Axe,Britian,abritiankm@youtube.com,11/19/2000,Japan
744,Chariot,Garwood,cgarwoodkn@networksolutions.com,7/18/2012,China
745,Grantham,Hussey,ghusseyko@amazon.co.uk,7/23/1990,Egypt
746,Lucian,Mundell,lmundellkp@economist.com,11/5/2003,Canada
747,Eberto,Burris,eburriskq@miitbeian.gov.cn,7/16/2011,Thailand
748,Leyla,Tomson,ltomsonkr@businessweek.com,4/27/2011,Honduras
749,Roddy,Redley,rredleyks@nsw.gov.au,12/24/2005,Argentina
750,Oliviero,Borg-Bartolo,oborgbartolokt@newsvine.com,10/15/2016,China
751,Peder,Placstone,pplacstoneku@disqus.com,6/24/2013,China
752,Deloria,Jentle,djentlekv@shinystat.com,1/8/2009,Poland
753,Jeremiah,Coughtrey,jcoughtreykw@dailymotion.com,9/14/2016,Kyrgyzstan
754,Kendell,Blumer,kblumerkx@disqus.com,5/31/2003,Canada
755,Corabel,Barford,cbarfordky@yellowpages.com,9/25/1993,Hungary
756,Karlie,McLanaghan,kmclanaghankz@psu.edu,4/11/1992,Mexico
757,Arvy,Sillick,asillickl0@princeton.edu,11/9/1994,Brazil
758,Marlo,Epdell,mepdelll1@huffingtonpost.com,12/19/1991,China
759,Clem,Reedick,creedickl2@virginia.edu,7/23/1999,Russia
760,Winston,Gouny,wgounyl3@tripadvisor.com,5/22/2009,China
761,Veda,Mattersey,vmatterseyl4@blogspot.com,1/9/2006,Philippines
762,Tuesday,Cornwall,tcornwalll5@oracle.com,3/20/2008,Guinea
763,Jessamyn,Kettlestringes,jkettlestringesl6@aol.com,7/23/1999,New Zealand
764,Crin,Haddock,chaddockl7@statcounter.com,4/3/2005,Philippines
765,Ikey,Couche,icouchel8@yellowpages.com,5/22/2017,China
766,Hobie,Rubica,hrubical9@naver.com,3/29/1998,Colombia
767,Farah,Degg,fdeggla@shareasale.com,2/22/1992,Angola
768,Alric,Devonside,adevonsidelb@networkadvertising.org,3/26/1997,China
769,Dinny,Hatfull,dhatfulllc@umn.edu,9/23/1994,Czech Republic
770,Berk,Kirkby,bkirkbyld@mozilla.com,12/5/1994,Nepal
771,Arlin,Sliman,aslimanle@pcworld.com,2/3/2012,China
772,Aldo,Edgehill,aedgehilllf@github.io,6/18/2011,Indonesia
773,Leroi,Gunnell,lgunnelllg@imdb.com,6/3/2017,Philippines
774,Cherise,Wombwell,cwombwelllh@smugmug.com,12/22/1995,Russia
775,Irvin,McCluskey,imccluskeyli@chron.com,9/21/2009,Colombia
776,Floria,Spraggon,fspraggonlj@nytimes.com,11/10/2002,Thailand
777,Courtnay,Longhorne,clonghornelk@tinyurl.com,7/31/2015,Indonesia
778,Keane,Hun,khunll@flickr.com,7/13/2003,Poland
779,Scott,Ibotson,sibotsonlm@si.edu,1/26/2005,Brazil
780,Karel,Maddy,kmaddyln@java.com,11/14/2015,Sweden
781,Lucho,Wooffinden,lwooffindenlo@i2i.jp,4/15/1998,Albania
782,Taylor,Collyer,tcollyerlp@umich.edu,4/4/1999,Philippines
783,Maureen,Yanson,myansonlq@wikia.com,3/28/2015,Morocco
784,Bev,McDuffy,bmcduffylr@imageshack.us,2/19/1992,China
785,Maressa,Chantree,mchantreels@omniture.com,5/12/2018,Zambia
786,Solly,Hehnke,shehnkelt@chronoengine.com,1/14/2005,Czech Republic
787,Wolf,Millership,wmillershiplu@ycombinator.com,4/15/1995,Belarus
788,Chrystal,Harmeston,charmestonlv@epa.gov,11/8/1991,Poland
789,Miranda,Beville,mbevillelw@last.fm,11/26/1993,Portugal
790,Otes,Largen,olargenlx@upenn.edu,7/22/2013,France
791,Tonnie,Liquorish,tliquorishly@marketwatch.com,12/19/2000,France
792,Dory,Faulconbridge,dfaulconbridgelz@twitpic.com,1/4/2014,China
793,Stefanie,Tatters,stattersm0@creativecommons.org,10/2/2015,Russia
794,Mahala,Hadlow,mhadlowm1@goodreads.com,5/16/2015,South Africa
795,Yancey,Dalgleish,ydalgleishm2@craigslist.org,1/13/2004,Colombia
796,Arni,Rigbye,arigbyem3@admin.ch,7/6/1990,Indonesia
797,Arlie,Landrick,alandrickm4@nifty.com,12/20/2004,Morocco
798,Oberon,Yuryshev,oyuryshevm5@amazon.co.uk,2/18/1996,Portugal
799,Phyllis,Hedworth,phedworthm6@kickstarter.com,1/1/2013,Mongolia
800,Bernardine,Reek,breekm7@reuters.com,1/30/2005,Norway
801,Thibaud,Bossel,tbosselm8@ebay.com,8/12/2017,Thailand
802,Wainwright,Columbine,wcolumbinem9@adobe.com,10/3/2014,Russia
803,Joe,Gyngell,jgyngellma@surveymonkey.com,7/22/2007,China
804,Morley,Berford,mberfordmb@ucoz.com,4/10/2011,China
805,Gertrudis,Strange,gstrangemc@tinypic.com,1/16/2013,Nicaragua
806,Cirilo,Norkett,cnorkettmd@facebook.com,12/18/2015,Georgia
807,Arlena,Souness,asounessme@miibeian.gov.cn,5/16/2001,France
808,Hilton,Grewar,hgrewarmf@nih.gov,10/12/1993,Sweden
809,Liliane,Conrard,lconrardmg@hhs.gov,11/17/2011,Indonesia
810,Bevan,Cridland,bcridlandmh@google.com,1/25/1996,Philippines
811,Hasheem,Musso,hmussomi@google.com.hk,3/27/2014,China
812,Domenico,Weald,dwealdmj@tiny.cc,12/10/2016,Czech Republic
813,Bekki,Allett,ballettmk@europa.eu,12/5/2008,Thailand
814,Kissie,Shakespeare,kshakespeareml@bigcartel.com,12/6/2008,China
815,Irvin,Marielle,imariellemm@51.la,9/30/2008,China
816,Coleman,Sentinella,csentinellamn@wisc.edu,4/26/1999,China
817,Angele,Everson,aeversonmo@photobucket.com,7/13/2012,France
818,Ike,Yorkston,iyorkstonmp@twitpic.com,9/5/1995,American Samoa
819,Dedie,Buffham,dbuffhammq@mapquest.com,7/15/1992,China
820,Vina,Flemming,vflemmingmr@google.de,6/24/1991,China
821,Yoko,Veracruysse,yveracruyssems@myspace.com,5/11/1999,Slovenia
822,Nicol,Marshman,nmarshmanmt@msn.com,10/11/2002,Bhutan
823,Sallie,Hazael,shazaelmu@yale.edu,7/24/2007,Indonesia
824,Earl,Glentworth,eglentworthmv@google.it,9/10/1995,Philippines
825,Kellina,Bardwell,kbardwellmw@google.cn,2/1/2002,France
826,Grazia,Cornborough,gcornboroughmx@nasa.gov,12/30/1999,Indonesia
827,Beniamino,Mourant,bmourantmy@mac.com,3/26/2016,China
828,Analiese,Croose,acroosemz@dropbox.com,3/28/1998,Brazil
829,Jessalyn,Tanguy,jtanguyn0@illinois.edu,2/29/1992,Russia
830,Haley,Huskinson,hhuskinsonn1@shutterfly.com,10/14/2004,China
831,Cahra,Stubbe,cstubben2@china.com.cn,7/1/2010,Indonesia
832,Vickie,Truss,vtrussn3@pbs.org,4/5/2008,Sweden
833,Quint,Korlat,qkorlatn4@cargocollective.com,8/9/2001,Belarus
834,Andris,Briatt,abriattn5@jalbum.net,11/15/1998,Russia
835,Flossi,Thorlby,fthorlbyn6@google.nl,10/3/1995,Belarus
836,Urson,Thomelin,uthomelinn7@360.cn,11/16/2000,China
837,Karyl,O'Hare,koharen8@vimeo.com,7/19/2015,China
838,Aleksandr,Baldinotti,abaldinottin9@elpais.com,4/23/2010,Croatia
839,Janis,Kemetz,jkemetzna@over-blog.com,3/20/2004,Ukraine
840,Karleen,Ciccotti,kciccottinb@clickbank.net,8/1/2003,Portugal
841,Maureene,Spillett,mspillettnc@china.com.cn,4/26/2007,Morocco
842,Luciano,O'Kennedy,lokennedynd@time.com,6/17/2014,Indonesia
843,Cosmo,Behr,cbehrne@nature.com,1/12/1996,Somalia
844,Mose,Barrell,mbarrellnf@seesaa.net,11/2/2006,Philippines
845,Bayard,Toone,btooneng@so-net.ne.jp,6/12/2002,Philippines
846,Annalise,Grindell,agrindellnh@weibo.com,4/24/2007,China
847,Lexy,O'Kielt,lokieltni@example.com,9/26/1992,China
848,Caren,Jurkiewicz,cjurkiewicznj@usgs.gov,6/18/1994,Indonesia
849,Cilka,O'Shevlin,coshevlinnk@addtoany.com,3/28/1998,Brazil
850,Kinnie,Yanne,kyannenl@marketwatch.com,8/26/2016,Guatemala
851,Marsha,Heijnen,mheijnennm@adobe.com,8/18/2002,Poland
852,Marylynne,Oxer,moxernn@kickstarter.com,11/1/2008,Bolivia
853,Norbie,Broggio,nbroggiono@cargocollective.com,12/28/2006,Pakistan
854,Norine,Mariault,nmariaultnp@xinhuanet.com,8/12/2011,South Africa
855,Cally,Slimon,cslimonnq@w3.org,6/30/1994,China
856,Sibella,Kopps,skoppsnr@examiner.com,12/19/2010,Indonesia
857,Nicola,Yushkin,nyushkinns@hexun.com,4/3/2016,Germany
858,Dyna,Shoebottom,dshoebottomnt@japanpost.jp,7/26/2003,China
859,Tanner,Aughtie,taughtienu@merriam-webster.com,4/25/1993,Senegal
860,Emile,Rodgier,erodgiernv@technorati.com,6/27/2016,China
861,Gerladina,Jenken,gjenkennw@goo.gl,6/29/2010,China
862,Claiborn,Ewing,cewingnx@123-reg.co.uk,8/29/2003,Belarus
863,Reynard,Scutchin,rscutchinny@youtu.be,2/24/1996,Colombia
864,Horatia,Gookes,hgookesnz@latimes.com,10/16/2009,Saudi Arabia
865,Hastie,Penhaligon,hpenhaligono0@nature.com,1/23/1993,China
866,Anallese,Appleyard,aappleyardo1@ning.com,1/5/2006,China
867,Rafael,Mannagh,rmannagho2@mayoclinic.com,2/11/2018,Macedonia
868,Jorge,Tomasian,jtomasiano3@de.vu,8/25/2015,Indonesia
869,Marcel,List,mlisto4@ucsd.edu,12/26/1991,Russia
870,Golda,Haldon,ghaldono5@reference.com,4/25/2013,China
871,Benito,Farndell,bfarndello6@indiatimes.com,4/20/2003,Czech Republic
872,Chelsie,Flips,cflipso7@vistaprint.com,12/15/1998,China
873,Coleen,Scamwell,cscamwello8@epa.gov,11/30/2012,China
874,Sabina,Kisting,skistingo9@squidoo.com,10/31/2017,United Kingdom
875,Stacy,Bumphries,sbumphriesoa@tripadvisor.com,7/1/2011,Greece
876,Denni,Boissieux,dboissieuxob@over-blog.com,4/30/2003,Ecuador
877,Elsinore,Basili,ebasilioc@privacy.gov.au,1/3/2009,China
878,Reinaldos,Crole,rcroleod@dion.ne.jp,3/14/2006,Venezuela
879,Tabby,Cotsford,tcotsfordoe@tiny.cc,8/2/2007,Hungary
880,Temp,Arzu,tarzuof@tmall.com,10/18/2010,Canada
881,Brear,Husher,bhusherog@bbb.org,8/26/2016,Morocco
882,Arin,Starton,astartonoh@sphinn.com,1/12/2010,China
883,Katusha,Gocher,kgocheroi@merriam-webster.com,5/20/1998,Thailand
884,Cheslie,Grave,cgraveoj@spotify.com,9/4/2014,Russia
885,Hillier,Tumpane,htumpaneok@uiuc.edu,5/11/2002,China
886,Walt,Lombardo,wlombardool@istockphoto.com,7/28/2004,China
887,Charlot,Regler,creglerom@bravesites.com,3/6/2007,Kuwait
888,Else,Plum,eplumon@comsenz.com,4/25/1992,Portugal
889,Nadean,Murrie,nmurrieoo@marriott.com,6/26/2001,Afghanistan
890,Quintilla,Linge,qlingeop@friendfeed.com,11/11/1998,France
891,Daffi,Sivil,dsiviloq@t-online.de,8/4/1990,Chile
892,Felicdad,Westoll,fwestollor@soundcloud.com,8/26/1995,Egypt
893,Thoma,Gadney,tgadneyos@upenn.edu,9/7/1990,Saudi Arabia
894,Charmine,Bonefant,cbonefantot@amazonaws.com,12/28/1991,Israel
895,Matthaeus,Fursland,mfurslandou@vinaora.com,9/27/2013,Philippines
896,Jay,Espin,jespinov@prlog.org,2/13/2016,Dominican Republic
897,Ethyl,Barnes,ebarnesow@nih.gov,3/14/2007,France
898,Clea,Hanney,channeyox@mit.edu,2/28/2013,China
899,Cicily,Laguerre,claguerreoy@nhs.uk,6/3/2003,Sweden
900,Travis,Reford,trefordoz@linkedin.com,5/7/2003,China
901,Olly,Skirvin,oskirvinp0@ted.com,4/19/2015,Portugal
902,Horatius,Orchard,horchardp1@edublogs.org,5/16/1996,Zambia
903,Lancelot,Kovnot,lkovnotp2@miibeian.gov.cn,10/18/2013,China
904,Etti,Prene,eprenep3@ezinearticles.com,6/11/1992,Philippines
905,Sheri,Dumbarton,sdumbartonp4@mozilla.org,9/1/1996,Greece
906,Jasmine,Gifkins,jgifkinsp5@opensource.org,2/6/2016,China
907,Storm,Stoate,sstoatep6@nationalgeographic.com,12/17/1995,China
908,Modestia,Prettyjohn,mprettyjohnp7@hexun.com,4/25/2008,Panama
909,Creight,Willetts,cwillettsp8@icq.com,6/8/2000,China
910,Honor,Ghiroldi,hghiroldip9@state.gov,6/28/2010,Indonesia
911,Philippa,Twigge,ptwiggepa@github.io,7/8/2002,Mexico
912,Cynde,Gradwell,cgradwellpb@google.de,3/4/2015,China
913,Berget,Josephson,bjosephsonpc@nasa.gov,2/17/1995,Indonesia
914,Janette,Valentetti,jvalentettipd@netscape.com,9/12/1993,United States
915,Emmalynne,Faint,efaintpe@nsw.gov.au,9/8/2003,Japan
916,Jacintha,Bretelle,jbretellepf@1und1.de,3/15/1996,South Africa
917,Anett,Frigot,afrigotpg@imgur.com,12/26/2010,Costa Rica
918,Osborne,Romanetti,oromanettiph@nationalgeographic.com,3/10/2005,Sweden
919,Cassie,Robrow,crobrowpi@harvard.edu,1/10/2005,China
920,Jerry,Rubinowitch,jrubinowitchpj@arizona.edu,11/15/2007,Indonesia
921,Shawn,Fernley,sfernleypk@google.ru,5/1/1993,China
922,Alisha,Pagelsen,apagelsenpl@twitter.com,7/28/2002,Malaysia
923,Benyamin,Bolam,bbolampm@pcworld.com,2/9/1999,Indonesia
924,Robinson,Thowes,rthowespn@columbia.edu,11/12/2011,Afghanistan
925,Angelico,Fortie,afortiepo@booking.com,2/17/2004,China
926,Gannon,Sussams,gsussamspp@boston.com,3/10/2018,Indonesia
927,Marie,Harbison,mharbisonpq@bravesites.com,2/9/2017,Vietnam
928,Vivianna,Lawtie,vlawtiepr@seattletimes.com,3/21/1994,Ireland
929,Melania,Worsley,mworsleyps@taobao.com,10/23/2010,Philippines
930,Paco,Rentcome,prentcomept@bandcamp.com,4/19/2007,Indonesia
931,Bertie,Corragan,bcorraganpu@sitemeter.com,9/17/2009,Brazil
932,Kati,Blain,kblainpv@squarespace.com,9/8/2013,China
933,Crystie,Pennock,cpennockpw@barnesandnoble.com,2/25/2018,Philippines
934,Gabriel,Limprecht,glimprechtpx@artisteer.com,4/1/2013,Thailand
935,Natty,Duiged,nduigedpy@fc2.com,2/17/1998,China
936,Matias,Clark,mclarkpz@senate.gov,3/18/2016,Egypt
937,Anjanette,Kavanagh,akavanaghq0@blogger.com,12/6/1993,Lesotho
938,Garrek,McPherson,gmcphersonq1@miibeian.gov.cn,4/11/1992,Portugal
939,Karoly,Brierley,kbrierleyq2@cocolog-nifty.com,10/6/2015,Egypt
940,Madelina,Broker,mbrokerq3@gizmodo.com,5/7/2008,China
941,Torrey,Shimman,tshimmanq4@chronoengine.com,10/19/1995,Thailand
942,Matias,Orehead,moreheadq5@about.me,8/17/2004,Kiribati
943,Diana,Maus,dmausq6@abc.net.au,10/30/1998,China
944,Beryle,Linge,blingeq7@free.fr,10/1/1996,France
945,Kali,Kilvington,kkilvingtonq8@facebook.com,7/8/2015,Indonesia
946,Avrit,Bouskill,abouskillq9@nbcnews.com,2/19/2011,Philippines
947,Adham,Mixture,amixtureqa@wunderground.com,2/20/2014,Ukraine
948,Crysta,Eitter,ceitterqb@nymag.com,5/11/2016,Thailand
949,Paige,Gunbie,pgunbieqc@fc2.com,7/3/2011,Indonesia
950,Cheri,Slyman,cslymanqd@slideshare.net,10/13/1999,Peru
951,Ellynn,Ahlin,eahlinqe@wordpress.com,11/14/1992,Indonesia
952,Tymon,Blasetti,tblasettiqf@trellian.com,7/7/2004,Pakistan
953,Jacky,Upham,juphamqg@blog.com,2/20/1995,Sweden
954,Isiahi,Olive,ioliveqh@wikimedia.org,9/12/1995,Indonesia
955,Janeva,Burvill,jburvillqi@mysql.com,6/25/1994,Madagascar
956,Cece,Cockrill,ccockrillqj@oakley.com,5/17/2014,Philippines
957,Carmelle,Fearns,cfearnsqk@engadget.com,5/13/2015,Indonesia
958,Benedikt,Sommerville,bsommervilleql@japanpost.jp,11/2/1999,Brazil
959,Octavia,Jaquest,ojaquestqm@sina.com.cn,3/3/2009,Venezuela
960,Debby,Wands,dwandsqn@paginegialle.it,6/24/2007,Indonesia
961,Nicolette,Wescott,nwescottqo@goodreads.com,1/2/2006,Peru
962,Tobey,Cruft,tcruftqp@shop-pro.jp,2/19/2016,Equatorial Guinea
963,Herculie,McColgan,hmccolganqq@eventbrite.com,8/10/2010,Thailand
964,Frederico,Oubridge,foubridgeqr@dailymotion.com,12/28/2007,Brazil
965,Cirilo,Doorbar,cdoorbarqs@abc.net.au,3/1/2009,China
966,Glad,Jados,gjadosqt@ucla.edu,12/29/2010,China
967,Catriona,Farrens,cfarrensqu@hao123.com,6/24/2009,Japan
968,Jorry,Brazier,jbrazierqv@dion.ne.jp,9/22/1995,China
969,Jaymie,Wycherley,jwycherleyqw@sun.com,6/3/2004,Vanuatu
970,Rickey,Lavelle,rlavelleqx@moonfruit.com,4/20/2003,Luxembourg
971,Leila,Mussilli,lmussilliqy@uol.com.br,5/4/2008,China
972,Kerwin,Cheetam,kcheetamqz@usnews.com,1/29/1997,China
973,Vanya,Ashbolt,vashboltr0@npr.org,12/25/2000,Indonesia
974,Ailbert,Petrello,apetrellor1@friendfeed.com,1/24/2016,Honduras
975,Obidiah,De Dei,odedeir2@so-net.ne.jp,5/9/2009,Indonesia
976,Violette,Hedgecock,vhedgecockr3@etsy.com,2/24/2014,Brazil
977,Enoch,McCauley,emccauleyr4@jimdo.com,7/17/2006,Russia
978,Justus,Nisco,jniscor5@flickr.com,1/6/2001,China
979,Addi,Rodmell,arodmellr6@dell.com,1/21/1995,Russia
980,Felice,Izhaky,fizhakyr7@marketwatch.com,8/22/2010,Morocco
981,Rosina,Mussard,rmussardr8@hp.com,6/25/2006,China
982,Shellysheldon,Paraman,sparamanr9@vk.com,5/4/2016,Mexico
983,Lauryn,Quigg,lquiggra@statcounter.com,4/9/2004,Poland
984,Chrisy,Kidsley,ckidsleyrb@ed.gov,3/31/2009,Czech Republic
985,Devlin,Alston,dalstonrc@boston.com,1/28/2009,China
986,Shea,Reckus,sreckusrd@printfriendly.com,1/4/1999,China
987,Rubi,Grinin,rgrininre@livejournal.com,10/3/1994,Portugal
988,La verne,Heather,lheatherrf@amazon.de,6/12/1991,Russia
989,Roze,Osanne,rosannerg@cnn.com,8/12/2001,Mongolia
990,Hugh,Pingstone,hpingstonerh@ycombinator.com,9/1/2001,Portugal
991,Winthrop,Olivey,woliveyri@umn.edu,5/11/2010,Czech Republic
992,Elliott,Warrilow,ewarrilowrj@twitpic.com,4/2/1997,Norway
993,Auberta,Eiler,aeilerrk@phoca.cz,9/23/2017,Indonesia
994,Ingram,Jakubovics,ijakubovicsrl@ebay.com,9/22/2013,China
995,Calida,Tomkinson,ctomkinsonrm@bigcartel.com,4/19/2006,China
996,Mariejeanne,Girogetti,mgirogettirn@woothemes.com,8/26/2009,China
997,Issi,Reiners,ireinersro@ft.com,5/3/1992,Japan
998,Rossy,Oehme,roehmerp@netvibes.com,6/17/1994,Netherlands
999,Koren,Carnell,kcarnellrq@vk.com,6/2/2006,China
1000,Donella,Barlass,dbarlassrr@t-online.de,7/7/2012,France
